cln_index,제품관심,username,loyalty_Lv1,loyalty_Lv2,loyalty_Lv3
1,34,seer__eul,146,842,255
2,13,seer__eul,160,746,100
3,19,seer__eul,304,406,142
4,19,seer__eul,0,0,234
5,12,seer__eul,165,1097,61
6,19,seer__eul,123,1112,128
7,14,seer__eul,95,1522,89
8,11,seer__eul,95,1606,66
9,16,seer__eul,105,866,163
10,14,seer__eul,0,0,119
11,14,seer__eul,125,1045,99
12,17,seer__eul,101,1404,111
13,14,seer__eul,80,1486,109
14,16,seer__eul,101,946,155
15,20,seer__eul,143,981,132
16,16,seer__eul,133,808,137
17,14,seer__eul,79,1011,162
18,12,seer__eul,128,1212,71
19,16,seer__eul,104,1089,131
20,17,seer__eul,110,781,182
21,6,seer__eul,123,1226,36
22,12,seer__eul,115,1018,95
23,20,seer__eul,0,0,149
24,16,seer__eul,109,1234,110
25,15,seer__eul,75,1861,100
26,22,seer__eul,64,1875,170
27,19,seer__eul,80,1783,122
28,12,seer__eul,68,1836,88
29,9,seer__eul,83,1711,58
30,17,seer__eul,76,1757,117
31,12,seer__eul,0,0,71
32,7,seer__eul,106,1035,59
33,3,seer__eul,152,1027,17
34,10,seer__eul,117,1126,70
35,12,seer__eul,128,724,120
36,15,seer__eul,133,970,107
37,16,seer__eul,132,865,130
38,10,seer__eul,128,932,77
39,6,seer__eul,257,626,34
40,3,seer__eul,123,1365,16
41,9,seer__eul,135,984,62
42,6,seer__eul,170,894,36
43,22,seer__eul,53,1491,258
44,15,seer__eul,163,777,109
45,11,seer__eul,129,852,92
46,13,seer__eul,97,831,149
47,12,seer__eul,111,744,134
48,4,seer__eul,0,0,125
49,8,seer__eul,119,1140,54
50,15,seer__eul,116,831,144
51,5,seer__eul,132,1171,29
52,5,seer__eul,166,990,28
53,10,seer__eul,128,1222,59
54,6,seer__eul,107,1460,35
55,4,seer__eul,160,805,28
56,15,seer__eul,115,898,135
57,11,seer__eul,117,914,95
58,9,seer__eul,131,816,78
59,3,seer__eul,124,1087,20
60,11,seer__eul,150,610,111
61,2,seer__eul,180,916,11
62,3,seer__eul,111,1419,17
63,10,seer__eul,153,954,63
64,4,seer__eul,146,766,33
65,16,seer__eul,137,665,163
66,12,seer__eul,210,810,65
67,14,seer__eul,174,817,91
68,10,seer__eul,132,1242,56
69,3,seer__eul,181,1003,15
70,9,seer__eul,127,1038,63
71,9,seer__eul,174,881,54
72,5,seer__eul,98,1240,38
73,7,seer__eul,102,1394,45
74,7,seer__eul,132,1170,41
75,11,seer__eul,0,0,67
76,2,seer__eul,106,1149,15
77,4,seer__eul,135,949,28
78,10,seer__eul,256,732,49
79,7,seer__eul,118,1189,46
80,11,seer__eul,128,1659,48
81,15,seer__eul,184,1062,71
82,14,seer__eul,405,854,37
83,12,seer__eul,145,898,85
84,9,seer__eul,188,782,56
85,4,seer__eul,162,777,29
86,5,seer__eul,109,951,44
87,10,seer__eul,124,961,77
88,7,seer__eul,221,844,34
89,3,seer__eul,250,765,14
90,7,seer__eul,281,685,33
91,10,seer__eul,164,758,74
92,13,seer__eul,152,977,81
93,5,seer__eul,179,674,38
94,13,seer__eul,298,658,61
95,6,seer__eul,134,920,45
96,13,seer__eul,157,918,83
97,7,seer__eul,132,793,61
98,5,seer__eul,267,546,31
99,6,seer__eul,171,764,42
100,8,seer__eul,756,394,24
101,14,seer__eul,188,677,102
102,8,seer__eul,228,809,40
103,8,seer__eul,162,797,57
104,5,seer__eul,171,822,32
105,12,seer__eul,288,510,75
106,10,seer__eul,267,522,66
107,11,seer__eul,165,775,79
108,11,seer__eul,273,989,37
109,5,seer__eul,190,918,26
110,5,seer__eul,186,1283,19
111,11,seer__eul,296,831,41
112,5,seer__eul,252,692,26
113,9,seer__eul,530,333,47
114,8,seer__eul,200,805,46
115,6,seer__eul,162,1147,30
116,7,seer__eul,399,368,44
117,7,seer__eul,148,829,53
118,17,seer__eul,357,429,103
119,8,seer__eul,326,525,43
123,5,seer__eul,450,347,29
124,11,seer__eul,543,338,55
127,20,seer__eul,194,582,163
128,18,seer__eul,190,752,116
129,17,seer__eul,252,720,87
130,6,seer__eul,153,1123,32
131,11,seer__eul,271,643,58
132,7,seer__eul,376,457,37
133,15,seer__eul,258,505,107
134,8,seer__eul,341,395,55
136,3,seer__eul,231,630,19
138,9,seer__eul,201,605,68
139,6,seer__eul,188,707,41
140,5,seer__eul,328,493,28
141,8,seer__eul,254,496,58
142,6,seer__eul,291,488,39
143,13,seer__eul,194,530,117
145,15,seer__eul,127,780,140
148,6,seer__eul,216,566,45
149,5,seer__eul,378,280,43
151,13,seer__eul,157,355,216
154,3,seer__eul,393,210,33
155,7,seer__eul,156,397,104
158,9,seer__eul,107,596,130
162,5,seer__eul,179,373,69
163,8,seer__eul,204,295,123
164,12,seer__eul,307,227,160
165,1,seer__eul,256,293,12
166,2,seer__eul,1578,84,13
167,11,seer__eul,359,246,115
168,8,seer__eul,202,279,131
169,15,seer__eul,169,323,254
170,8,seer__eul,349,175,121
171,12,seer__eul,230,185,260
172,13,seer__eul,179,379,178
173,1,seer__eul,235,343,11
174,6,seer__eul,259,294,73
175,11,seer__eul,185,316,174
176,7,seer__eul,222,363,80
177,11,seer__eul,229,317,141
180,11,seer__eul,162,379,166
181,5,seer__eul,279,373,44
182,9,seer__eul,171,352,138
185,2,w_woo.n,0,0,181
187,3,w_woo.n,0,0,428
191,2,w_woo.n,0,0,400
194,6,w_woo.n,0,0,545
201,3,w_woo.n,0,0,272
204,4,w_woo.n,136,195,200
209,3,w_woo.n,0,0,214
213,3,w_woo.n,0,0,375
216,4,w_woo.n,0,0,500
217,4,w_woo.n,118,101,444
218,2,w_woo.n,84,188,166
222,0,w_woo.n,0,0,0
223,6,w_woo.n,0,0,461
225,5,w_woo.n,232,68,416
230,6,w_woo.n,0,0,428
233,7,w_woo.n,0,0,411
234,4,w_woo.n,0,0,363
235,5,w_woo.n,107,124,500
236,3,w_woo.n,172,123,187
242,3,w_woo.n,0,0,428
244,9,w_woo.n,205,201,290
245,9,w_woo.n,0,0,562
250,11,w_woo.n,236,203,305
255,11,w_woo.n,299,388,126
256,11,w_woo.n,158,295,314
257,7,w_woo.n,171,202,269
262,7,w_woo.n,0,0,700
265,6,w_woo.n,0,0,545
269,10,w_woo.n,0,0,277
271,4,w_woo.n,0,0,148
272,5,w_woo.n,0,0,128
275,1,w_woo.n,0,0,32
277,6,w_woo.n,206,109,352
279,5,w_woo.n,181,382,96
280,6,w_woo.n,183,392,111
281,1,w_woo.n,0,0,35
283,3,w_woo.n,0,0,111
289,9,w_woo.n,162,98,750
290,4,w_woo.n,256,182,114
295,7,w_woo.n,302,132,233
297,5,w_woo.n,206,356,90
298,5,w_woo.n,204,247,131
300,5,w_woo.n,271,187,131
303,6,w_woo.n,363,228,96
307,8,w_woo.n,263,238,170
308,8,w_woo.n,304,254,137
309,6,w_woo.n,251,281,113
310,4,w_woo.n,273,312,62
316,3,w_woo.n,257,306,50
322,8,w_woo.n,219,249,195
323,7,w_woo.n,185,215,233
327,4,w_woo.n,235,305,74
328,10,w_woo.n,252,286,185
331,4,w_woo.n,226,153,153
333,0,w_woo.n,257,321,0
334,4,w_woo.n,440,163,74
337,6,w_woo.n,327,183,133
338,2,w_woo.n,326,315,25
339,1,w_woo.n,580,110,20
340,8,w_woo.n,593,153,117
343,3,w_woo.n,866,117,39
344,7,w_woo.n,347,245,109
345,3,w_woo.n,386,113,90
346,5,w_woo.n,259,195,131
348,6,w_woo.n,222,186,193
349,8,w_woo.n,437,207,117
352,5,w_woo.n,346,319,60
354,6,w_woo.n,288,199,139
356,6,w_woo.n,747,150,71
357,5,w_woo.n,335,207,96
360,7,w_woo.n,268,553,63
361,4,w_woo.n,218,599,40
364,7,w_woo.n,354,464,56
366,5,w_woo.n,199,704,47
368,1,w_woo.n,314,675,6
369,4,w_woo.n,383,644,21
371,9,w_woo.n,253,617,76
375,6,w_woo.n,287,441,63
377,-8,w_woo.n,175,288,-211
380,16,hoonxxy,86,1636,888
381,21,hoonxxy,604,2597,105
382,16,hoonxxy,604,2649,78
383,21,hoonxxy,820,2803,71
384,20,hoonxxy,603,2899,89
385,15,hoonxxy,741,3040,52
386,19,hoonxxy,668,3466,64
387,18,hoonxxy,804,2468,71
388,18,hoonxxy,913,2439,63
389,17,hoonxxy,678,2430,80
390,20,hoonxxy,998,2248,69
391,17,hoonxxy,570,3988,58
392,17,hoonxxy,915,1620,89
393,18,hoonxxy,886,2648,60
394,23,hoonxxy,963,2648,70
395,24,hoonxxy,599,3154,99
396,16,hoonxxy,478,2606,100
397,22,hoonxxy,829,2724,76
398,21,hoonxxy,676,3341,72
399,22,hoonxxy,774,2383,93
400,22,hoonxxy,916,1892,99
401,18,hoonxxy,942,2339,64
402,19,hoonxxy,614,2822,85
403,18,hoonxxy,962,2446,60
404,20,hoonxxy,747,2500,84
406,21,hoonxxy,691,2814,84
407,18,hoonxxy,501,4334,64
408,19,hoonxxy,712,3638,57
409,19,hoonxxy,659,2869,78
410,17,hoonxxy,573,4117,56
411,16,hoonxxy,701,3169,56
412,17,hoonxxy,392,3080,110
413,19,hoonxxy,475,3481,90
414,21,hoonxxy,480,3611,95
415,17,hoonxxy,669,2520,79
416,19,hoonxxy,521,2575,111
417,17,hoonxxy,611,2336,93
418,19,hoonxxy,1088,1572,87
419,18,hoonxxy,624,3266,69
420,21,hoonxxy,708,2735,85
421,18,hoonxxy,942,2414,62
422,20,hoonxxy,1220,2212,58
423,17,hoonxxy,1056,2065,61
424,16,hoonxxy,1165,1711,62
425,22,hoonxxy,948,2591,70
426,18,hoonxxy,1039,2454,55
427,17,hoonxxy,1252,1912,55
428,18,hoonxxy,876,2820,57
429,16,hoonxxy,1384,1638,55
430,18,hoonxxy,857,2692,61
431,18,hoonxxy,859,2730,60
432,21,hoonxxy,1631,1467,68
433,17,hoonxxy,1421,1662,56
434,20,hoonxxy,1239,1678,75
435,15,hoonxxy,1230,2161,44
436,15,hoonxxy,1496,1647,47
437,21,hoonxxy,1298,1112,114
438,16,hoonxxy,1698,1354,54
439,18,hoonxxy,1167,1795,67
440,17,hoonxxy,1352,1590,62
441,16,hoonxxy,1111,2245,50
442,16,hoonxxy,1669,1659,45
443,17,hoonxxy,1245,2225,48
444,18,hoonxxy,1087,1826,71
445,17,hoonxxy,1196,1745,63
446,16,hoonxxy,1201,2351,44
447,17,hoonxxy,806,1353,122
448,19,hoonxxy,819,1637,111
449,14,hoonxxy,1158,1808,52
450,15,hoonxxy,797,2362,62
452,18,hoonxxy,931,2299,65
453,16,hoonxxy,941,2668,50
454,18,hoonxxy,1201,2254,52
455,18,hoonxxy,1120,1611,78
456,15,hoonxxy,879,1392,96
457,17,hoonxxy,1268,1330,79
458,18,hoonxxy,690,1568,130
459,19,hoonxxy,859,2054,84
460,18,hoonxxy,1460,1703,56
463,13,hoonxxy,1100,1918,48
464,19,hoonxxy,1599,1266,73
465,19,hoonxxy,1353,1461,75
467,17,hoonxxy,893,1652,90
468,18,hoonxxy,927,1209,125
469,18,hoonxxy,1026,1727,79
471,20,hoonxxy,1027,1642,93
473,16,hoonxxy,1055,1941,61
474,16,hoonxxy,751,2225,75
475,17,hoonxxy,826,2003,80
476,15,hoonxxy,929,1722,73
477,17,hoonxxy,766,1741,100
478,18,hoonxxy,1194,1715,68
479,16,hoonxxy,931,1600,84
480,16,hoonxxy,428,2655,110
481,15,hoonxxy,784,2132,70
485,16,hoonxxy,1073,1528,76
486,17,hoonxxy,1061,1242,101
487,17,hoonxxy,762,2152,81
488,17,hoonxxy,935,1392,102
489,17,hoonxxy,781,1708,100
490,15,hoonxxy,719,2445,66
491,15,hoonxxy,616,2726,70
492,16,hoonxxy,985,1888,67
494,17,hoonxxy,832,2318,69
495,20,hoonxxy,909,1665,103
496,17,hoonxxy,1177,1553,72
497,18,hoonxxy,617,1855,123
498,19,hoonxxy,1184,1524,82
501,16,hoonxxy,1526,1599,51
502,17,hoonxxy,1707,1862,41
503,15,hoonxxy,1280,1496,61
504,17,hoonxxy,1267,1666,63
505,21,hoonxxy,1081,1525,100
506,19,hoonxxy,931,1711,93
507,16,hoonxxy,1366,1700,54
513,17,hoonxxy,1167,1956,58
514,15,hoonxxy,635,1962,94
515,18,hoonxxy,823,2306,74
516,17,hoonxxy,807,2808,58
517,15,hoonxxy,650,2352,76
519,16,hoonxxy,770,2201,74
521,18,hoonxxy,1207,2087,56
523,17,hoonxxy,861,1886,82
524,19,hoonxxy,771,2360,81
525,15,hoonxxy,1022,1697,67
526,16,hoonxxy,1110,2149,52
527,17,hoonxxy,1161,2136,53
528,17,hoonxxy,1086,2174,56
529,17,hoonxxy,953,2388,58
530,22,hoonxxy,756,1838,124
531,17,hoonxxy,924,1816,79
532,20,hoonxxy,721,1512,143
533,18,hoonxxy,969,1902,76
534,16,hoonxxy,1121,1631,68
535,20,hoonxxy,681,2684,85
536,19,hoonxxy,572,2112,123
537,15,hoonxxy,853,2686,51
538,16,hoonxxy,668,2018,93
539,17,hoonxxy,946,1741,80
540,16,hoonxxy,809,1804,86
542,14,hoonxxy,818,2348,57
543,15,hoonxxy,767,2597,59
544,16,hoonxxy,773,2223,73
545,17,hoonxxy,725,2673,68
548,16,hoonxxy,944,2635,50
549,16,hoonxxy,1018,2126,57
550,17,hoonxxy,904,2065,71
551,15,hoonxxy,850,2206,62
555,16,hoonxxy,836,1549,96
556,17,hoonxxy,781,1887,90
557,15,hoonxxy,865,2094,64
558,15,hoonxxy,756,2035,76
559,18,hoonxxy,660,2366,90
560,16,hoonxxy,856,2007,73
561,17,hoonxxy,617,2824,76
562,16,hoonxxy,567,2226,99
563,17,hoonxxy,803,2140,77
564,17,hoonxxy,1002,2317,57
565,15,hoonxxy,1057,1714,64
566,17,hoonxxy,1501,1924,46
567,15,hoonxxy,958,2211,55
568,18,hoonxxy,1041,1755,77
569,15,hoonxxy,1151,1745,58
570,15,hoonxxy,1119,1858,56
571,16,hoonxxy,1669,2050,36
572,15,hoonxxy,945,1560,79
573,16,hoonxxy,843,2281,65
574,15,hoonxxy,1251,2239,42
575,17,hoonxxy,1162,2559,44
576,17,hoonxxy,1023,1924,67
577,18,hoonxxy,1080,1940,67
578,15,hoonxxy,1054,1720,64
579,16,hoonxxy,635,1876,105
580,16,hoonxxy,827,2514,60
582,14,hoonxxy,1337,1924,42
583,18,hoonxxy,1164,1867,64
585,15,hoonxxy,1143,1607,64
586,17,hoonxxy,1078,1979,62
587,16,hoonxxy,997,2368,53
588,15,hoonxxy,1033,2294,49
589,17,hoonxxy,792,1910,88
590,16,hoonxxy,1219,1616,63
591,16,hoonxxy,480,2598,100
592,15,hoonxxy,931,2099,60
593,16,hoonxxy,981,2328,54
594,14,hoonxxy,1139,1701,56
595,16,hoonxxy,831,2294,65
596,15,hoonxxy,1048,2254,49
597,17,hoonxxy,1022,1743,74
598,14,hoonxxy,722,1913,79
599,17,hoonxxy,1354,1542,63
600,16,hoonxxy,924,1943,69
602,15,hoonxxy,858,2049,66
605,15,hoonxxy,978,1532,78
607,15,hoonxxy,703,1741,96
608,15,hoonxxy,1313,1476,60
609,15,hoonxxy,865,1996,68
612,17,hoonxxy,617,2414,89
613,15,hoonxxy,975,1940,62
614,15,hoonxxy,927,2159,58
616,20,hoonxxy,944,1961,84
617,15,hoonxxy,1150,1725,59
622,16,hoonxxy,1096,1782,64
624,16,hoonxxy,953,2032,64
625,16,hoonxxy,930,1890,71
628,15,hoonxxy,939,2163,57
633,3,kkang.stylist,222,38,333
634,0,kkang.stylist,250,30,0
640,7,babyjongok,667,1105,21
642,5,babyjongok,520,863,25
646,6,babyjongok,519,873,30
647,6,babyjongok,564,828,29
654,3,babyjongok,540,857,14
655,10,babyjongok,603,588,64
661,4,babyjongok,598,709,21
662,0,babyjongok,561,677,0
663,12,babyjongok,611,737,60
664,12,babyjongok,524,847,61
665,5,babyjongok,715,772,20
666,13,babyjongok,680,743,58
667,9,babyjongok,570,445,81
668,12,babyjongok,500,682,80
669,6,babyjongok,592,684,33
670,9,babyjongok,790,617,42
671,13,babyjongok,517,735,78
672,18,babyjongok,586,652,107
673,14,babyjongok,440,671,108
674,11,babyjongok,536,628,74
675,13,babyjongok,414,751,95
676,10,babyjongok,471,689,70
677,15,babyjongok,406,749,112
678,6,babyjongok,476,711,40
679,14,babyjongok,542,540,109
680,9,babyjongok,438,626,75
681,9,babyjongok,453,540,84
682,10,babyjongok,382,527,113
683,9,babyjongok,448,633,72
684,11,babyjongok,421,548,108
685,10,babyjongok,313,598,121
686,6,babyjongok,415,629,52
687,9,babyjongok,459,548,81
688,8,babyjongok,443,397,103
689,9,babyjongok,363,554,102
690,3,babyjongok,497,451,30
691,8,babyjongok,507,383,94
692,13,seer__eul,121,1037,96
693,12,seer__eul,94,1574,75
694,24,seer__eul,95,1473,158
695,18,seer__eul,108,1529,101
696,14,seer__eul,262,780,63
697,19,seer__eul,159,1034,107
698,19,seer__eul,150,1243,94
699,15,seer__eul,102,1322,102
700,14,seer__eul,141,990,92
701,11,seer__eul,135,1182,63
702,18,seer__eul,142,973,120
703,9,seer__eul,138,1274,47
704,7,seer__eul,156,1103,37
705,13,seer__eul,199,953,63
706,9,seer__eul,116,905,79
707,11,seer__eul,222,963,47
708,5,seer__eul,95,1048,46
709,12,seer__eul,140,1035,76
710,5,seer__eul,217,685,31
711,13,seer__eul,217,786,70
712,10,seer__eul,98,1564,60
713,15,seer__eul,204,762,89
714,16,seer__eul,135,982,111
715,11,seer__eul,434,503,46
716,7,seer__eul,153,1130,37
717,10,seer__eul,258,739,48
718,14,seer__eul,203,892,71
719,7,seer__eul,218,633,46
720,11,seer__eul,455,500,44
721,22,seer__eul,121,1044,161
722,16,seer__eul,245,730,82
723,11,seer__eul,69,1167,126
724,13,seer__eul,448,421,64
725,3,seer__eul,137,898,22
726,10,seer__eul,226,816,50
727,10,seer__eul,151,915,67
728,12,seer__eul,178,1093,57
729,9,seer__eul,196,775,54
730,10,seer__eul,1233,266,28
731,6,seer__eul,261,694,30
732,5,seer__eul,211,842,26
733,7,seer__eul,238,664,41
734,8,seer__eul,237,714,43
735,14,seer__eul,0,0,222
736,4,seer__eul,261,694,20
737,5,seer__eul,210,785,28
738,4,seer__eul,142,982,26
739,5,seer__eul,162,808,35
740,15,seer__eul,301,654,70
741,0,seer__eul,194,736,0
742,7,seer__eul,451,356,40
743,10,seer__eul,324,648,44
744,5,seer__eul,133,796,43
745,12,seer__eul,418,317,83
746,6,seer__eul,201,484,57
747,0,seer__eul,153,571,0
748,13,seer__eul,142,853,99
749,4,seer__eul,358,337,30
750,1,seer__eul,177,618,8
751,3,seer__eul,118,824,28
752,3,seer__eul,284,409,24
753,1,seer__eul,316,358,8
754,5,seer__eul,337,366,37
755,7,seer__eul,257,469,53
756,6,seer__eul,190,700,41
757,9,seer__eul,211,637,62
758,11,seer__eul,225,595,76
759,7,seer__eul,265,452,54
760,9,seer__eul,215,570,68
763,0,seer__eul,101,727,0
764,7,seer__eul,207,713,44
765,10,seer__eul,164,629,90
766,5,seer__eul,141,785,42
768,9,seer__eul,123,860,78
769,2,seer__eul,423,397,11
770,3,seer__eul,270,604,17
771,5,seer__eul,248,352,53
772,6,seer__eul,197,529,53
774,6,seer__eul,337,468,35
775,6,seer__eul,313,487,36
776,6,seer__eul,203,481,57
778,5,seer__eul,271,462,37
779,4,seer__eul,152,657,37
780,5,seer__eul,190,482,50
781,7,seer__eul,113,675,85
782,10,seer__eul,209,471,94
783,5,seer__eul,161,512,56
784,8,seer__eul,124,518,115
785,3,seer__eul,528,273,19
786,4,seer__eul,148,513,48
787,6,seer__eul,156,493,72
788,9,seer__eul,179,414,112
789,3,seer__eul,762,184,19
790,6,seer__eul,318,330,53
791,5,seer__eul,294,372,42
792,3,seer__eul,216,494,26
793,3,seer__eul,208,433,30
797,0,soominnnnn,195,343,0
798,0,soominnnnn,242,313,0
799,0,soominnnnn,231,303,0
801,10,soominnnnn,235,540,56
802,2,soominnnnn,247,459,12
803,4,soominnnnn,295,215,44
804,3,soominnnnn,288,284,26
805,11,soominnnnn,171,367,125
806,8,soominnnnn,156,374,97
807,11,soominnnnn,229,265,129
809,6,soominnnnn,116,393,93
810,1,soominnnnn,180,298,13
811,6,soominnnnn,165,472,55
812,7,soominnnnn,182,344,79
813,4,soominnnnn,514,350,15
814,8,soominnnnn,256,268,83
815,6,soominnnnn,125,428,80
816,7,soominnnnn,124,380,106
817,11,soominnnnn,305,285,90
818,4,soominnnnn,107,386,68
819,7,soominnnnn,167,355,84
820,8,soominnnnn,261,306,71
821,5,soominnnnn,188,353,53
822,6,soominnnnn,179,323,74
823,6,soominnnnn,111,340,113
834,4,soominnnnn,267,514,20
835,2,soominnnnn,235,1078,5
836,2,soominnnnn,196,652,11
840,6,soominnnnn,326,966,13
868,2,soominnnnn,78,553,32
888,11,soominnnnn,94,560,148
895,13,jun_seonng,638,83,203
940,13,jun_seonng,0,0,382
941,11,jun_seonng,86,385,275
943,10,jun_seonng,0,0,285
944,5,jun_seonng,112,291,128
946,17,jun_seonng,0,0,404
947,7,jun_seonng,0,0,155
948,12,jun_seonng,0,0,413
949,10,jun_seonng,92,428,212
950,6,jun_seonng,0,0,166
951,14,jun_seonng,98,391,304
953,12,jun_seonng,82,526,230
955,11,jun_seonng,0,0,250
957,4,jun_seonng,0,0,97
958,11,jun_seonng,0,0,282
959,16,jun_seonng,101,272,484
1001,19,jun_seonng,197,534,150
1002,7,jun_seonng,260,475,47
1003,11,zzjun.k,385,801,229
1004,21,zzjun.k,622,579,375
1005,21,zzjun.k,499,708,381
1006,20,zzjun.k,501,385,666
1007,16,zzjun.k,518,546,363
1008,18,zzjun.k,447,806,321
1009,15,zzjun.k,536,600,300
1010,9,zzjun.k,442,655,200
1011,20,zzjun.k,496,479,540
1012,17,zzjun.k,383,403,708
1013,27,zzjun.k,529,413,794
1014,14,zzjun.k,572,157,1000
1015,16,zzjun.k,613,210,800
1016,13,zzjun.k,575,279,520
1017,16,zzjun.k,405,380,666
1018,21,zzjun.k,472,395,724
1019,12,zzjun.k,689,327,342
1020,22,zzjun.k,476,311,956
1021,29,zzjun.k,457,323,1260
1022,12,zzjun.k,446,259,666
1023,7,zzjun.k,442,87,1166
1024,22,zzjun.k,547,235,1100
1025,22,zzjun.k,501,231,1222
1026,21,zzjun.k,502,217,1235
1027,24,zzjun.k,450,286,1200
1028,25,zzjun.k,464,429,806
1029,22,zzjun.k,476,527,564
1030,17,zzjun.k,644,319,531
1031,17,zzjun.k,523,295,708
1032,24,zzjun.k,417,601,615
1033,16,zzjun.k,591,337,516
1034,18,zzjun.k,635,304,600
1035,19,zzjun.k,646,199,950
1036,20,zzjun.k,537,311,769
1037,20,zzjun.k,488,211,1250
1038,9,zzjun.k,599,161,600
1039,23,zzjun.k,619,311,766
1040,15,zzjun.k,505,280,681
1041,19,zzjun.k,489,355,703
1042,20,zzjun.k,535,288,833
1043,22,zzjun.k,633,325,687
1044,17,zzjun.k,596,259,708
1045,14,zzjun.k,548,258,636
1046,22,zzjun.k,566,409,611
1047,14,zzjun.k,584,452,341
1048,14,zzjun.k,518,211,823
1049,8,zzjun.k,593,336,258
1050,22,zzjun.k,406,269,1294
1051,19,zzjun.k,627,503,387
1052,16,zzjun.k,562,320,571
1053,21,zzjun.k,506,406,656
1054,23,zzjun.k,658,488,460
1055,18,zzjun.k,503,447,514
1056,3,zzjun.k,496,428,90
1057,20,zzjun.k,522,493,500
1058,13,zzjun.k,0,0,619
1059,3,zzjun.k,367,403,130
1060,14,zzjun.k,593,401,378
1061,5,zzjun.k,590,316,172
1062,19,zzjun.k,503,358,678
1063,29,zzjun.k,469,631,630
1064,21,zzjun.k,580,610,381
1065,2,zzjun.k,0,0,500
1066,13,zzjun.k,564,513,288
1067,20,zzjun.k,780,569,289
1068,5,zzjun.k,0,0,1000
1069,16,zzjun.k,548,540,347
1070,19,zzjun.k,407,537,558
1071,16,zzjun.k,515,500,400
1072,8,zzjun.k,683,471,160
1073,20,zzjun.k,561,504,454
1074,27,zzjun.k,635,659,415
1075,22,zzjun.k,512,452,611
1076,25,zzjun.k,559,668,431
1077,19,zzjun.k,459,308,863
1078,4,zzjun.k,669,336,114
1079,24,zzjun.k,514,500,600
1080,22,zzjun.k,765,479,385
1081,17,zzjun.k,513,451,472
1082,21,zzjun.k,544,697,355
1083,20,zzjun.k,670,441,434
1084,19,zzjun.k,617,563,351
1085,21,zzjun.k,473,585,488
1086,16,zzjun.k,501,655,313
1087,23,zzjun.k,492,680,442
1088,13,zzjun.k,534,627,250
1089,14,zzjun.k,725,639,194
1090,4,zzjun.k,735,323,108
1091,23,zzjun.k,487,554,547
1092,20,zzjun.k,706,610,298
1093,17,zzjun.k,426,589,435
1094,21,zzjun.k,512,603,437
1095,17,zzjun.k,566,432,447
1096,21,zzjun.k,463,486,600
1097,21,zzjun.k,493,718,381
1098,15,zzjun.k,499,579,333
1099,23,zzjun.k,608,434,560
1100,21,zzjun.k,596,410,552
1101,16,zzjun.k,553,454,410
1102,9,zzjun.k,539,358,300
1103,20,zzjun.k,588,536,408
1104,16,zzjun.k,639,342,470
1105,19,zzjun.k,628,441,441
1106,5,zzjun.k,613,346,151
1107,6,zzjun.k,655,216,272
1108,15,zzjun.k,543,343,517
1109,1,zzjun.k,314,81,250
1110,19,zzjun.k,553,441,500
1111,18,zzjun.k,609,317,600
1112,22,zzjun.k,772,442,415
1113,10,zzjun.k,589,448,243
1114,13,zzjun.k,638,484,270
1115,19,zzjun.k,698,387,452
1116,11,zzjun.k,553,244,523
1117,11,zzjun.k,745,371,255
1118,18,zzjun.k,713,279,580
1119,6,zzjun.k,606,201,315
1120,8,zzjun.k,539,430,222
1121,15,zzjun.k,599,408,394
1122,11,zzjun.k,548,269,478
1123,12,zzjun.k,605,265,480
1124,5,zzjun.k,543,296,200
1125,7,zzjun.k,695,296,218
1126,13,zzjun.k,573,224,650
1127,15,zzjun.k,810,325,365
1128,7,zzjun.k,561,355,225
1129,10,zzjun.k,590,239,454
1130,15,zzjun.k,687,290,483
1131,2,zzjun.k,558,196,117
1132,6,zzjun.k,550,163,428
1133,2,zzjun.k,576,234,95
1134,15,zzjun.k,537,419,428
1135,2,zzjun.k,527,341,71
1136,6,zzjun.k,582,254,260
1137,8,zzjun.k,594,260,333
1138,8,zzjun.k,635,192,421
1139,7,zzjun.k,644,259,269
1140,6,zzjun.k,642,180,333
1141,3,zzjun.k,664,135,214
1142,6,zzjun.k,834,216,214
1143,6,zzjun.k,657,244,240
1144,8,zzjun.k,681,179,421
1145,3,zzjun.k,0,0,250
1146,1,zzjun.k,724,106,83
1147,3,zzjun.k,580,110,300
1148,5,zzjun.k,562,171,333
1149,14,zzjun.k,664,203,666
1150,7,zzjun.k,597,118,636
1151,8,zzjun.k,662,175,444
1152,8,zzjun.k,642,220,363
1153,0,zzjun.k,513,37,0
1154,7,zzjun.k,648,168,411
1155,2,zzjun.k,616,135,153
1156,9,zzjun.k,715,270,300
1157,3,zzjun.k,698,175,157
1158,8,zzjun.k,617,240,347
1159,6,zzjun.k,729,159,333
1160,6,zzjun.k,658,156,375
1161,0,zzjun.k,701,55,0
1162,2,zzjun.k,545,106,222
1163,5,zzjun.k,774,158,263
1164,8,zzjun.k,661,204,380
1165,0,zzjun.k,662,126,0
1166,1,zzjun.k,704,155,58
1167,0,zzjun.k,578,89,0
1168,4,zzjun.k,700,110,333
1169,3,zzjun.k,648,49,600
1170,7,zzjun.k,888,246,205
1171,5,zzjun.k,604,170,312
1172,0,zzjun.k,610,21,0
1173,0,zzjun.k,569,180,0
1174,2,zzjun.k,0,0,222
1175,1,zzjun.k,0,0,250
1176,3,zzjun.k,0,0,176
1177,5,zzjun.k,560,126,454
1178,1,zzjun.k,0,0,166
1179,3,zzjun.k,553,186,187
1180,3,zzjun.k,497,77,500
1181,8,zzjun.k,544,319,296
1182,3,zzjun.k,598,182,176
1183,16,zzjun.k,648,357,444
1184,4,zzjun.k,675,257,148
1185,6,zzjun.k,756,281,181
1186,4,zzjun.k,667,241,160
1187,8,zzjun.k,698,304,242
1188,5,zzjun.k,701,183,250
1189,13,zzjun.k,907,212,433
1190,10,zzjun.k,1114,202,285
1191,2,zzjun.k,1031,93,133
1192,2,zzjun.k,666,116,166
1193,5,zzjun.k,2127,63,238
1194,3,zzjun.k,2500,30,250
1195,3,zzjun.k,3135,51,120
1196,6,zzjun.k,4648,22,375
1197,1,zzjun.k,5868,12,90
1198,7,zzjun.k,3022,55,269
1199,8,zzjun.k,7145,15,470
1200,11,zzjun.k,5712,29,423
1201,2,zzjun.k,1524,29,285
1202,2,zzjun.k,982,39,333
1203,3,zzjun.k,2550,42,176
1204,2,zzjun.k,6515,11,166
1205,2,zzjun.k,1263,86,117
1206,4,zzjun.k,1311,73,266
1207,2,zzjun.k,1265,35,285
1208,1,zzjun.k,1115,69,83
1209,4,zzjun.k,1044,80,307
1210,2,zzjun.k,1145,61,181
1211,7,zzjun.k,1120,178,225
1212,3,zzjun.k,1457,75,176
1213,6,zzjun.k,1438,76,352
1214,0,zzjun.k,1079,71,0
1215,6,zzjun.k,896,136,315
1216,4,zzjun.k,1024,119,210
1217,1,zzjun.k,795,89,90
1218,7,zzjun.k,934,124,388
1219,4,zzjun.k,832,85,363
1226,10,h.yun_b,64,1145,135
1228,6,h.yun_b,0,0,96
1229,16,h.yun_b,0,0,197
1231,18,h.yun_b,56,1069,300
1233,15,h.yun_b,0,0,150
1236,16,h.yun_b,0,0,213
1237,18,h.yun_b,110,1191,136
1241,13,h.yun_b,85,704,216
1242,10,h.yun_b,199,610,81
1243,8,h.yun_b,131,849,71
1246,17,h.yun_b,102,927,178
1247,19,h.yun_b,115,950,172
1248,13,h.yun_b,184,677,104
1253,9,h.yun_b,94,1240,76
1254,9,h.yun_b,148,1052,57
1255,22,h.yun_b,115,1293,147
1256,10,h.yun_b,121,1001,81
1259,11,h.yun_b,133,924,88
1262,11,h.yun_b,110,643,154
1265,21,h.yun_b,102,963,212
1268,10,h.yun_b,89,1044,106
1269,6,h.yun_b,99,830,72
1270,8,h.yun_b,107,972,76
1272,8,h.yun_b,109,851,86
1273,9,h.yun_b,156,863,66
1274,15,h.yun_b,128,1124,103
1276,6,h.yun_b,118,1253,40
1277,6,h.yun_b,134,1011,44
1278,12,h.yun_b,132,827,109
1279,11,h.yun_b,118,1125,82
1280,12,h.yun_b,115,1260,82
1282,6,h.yun_b,150,1009,39
1283,11,h.yun_b,130,920,91
1286,9,h.yun_b,112,1230,64
1288,9,h.yun_b,186,684,70
1289,5,h.yun_b,184,893,30
1290,10,h.yun_b,237,701,59
1291,7,h.yun_b,160,830,52
1292,3,h.yun_b,151,700,28
1294,9,h.yun_b,239,700,53
1295,6,h.yun_b,192,854,36
1296,7,h.yun_b,184,778,48
1297,8,h.yun_b,166,813,58
1298,11,h.yun_b,219,714,70
1300,17,h.yun_b,189,607,147
1301,9,h.yun_b,210,369,115
1302,3,h.yun_b,162,732,25
1303,7,h.yun_b,205,675,50
1304,14,h.yun_b,139,664,150
1306,11,h.yun_b,138,836,94
1307,8,h.yun_b,607,261,50
1309,7,h.yun_b,223,562,55
1311,9,h.yun_b,210,521,81
1312,7,h.yun_b,309,320,70
1313,9,h.yun_b,383,359,65
1314,7,h.yun_b,390,319,56
1315,5,h.yun_b,541,217,42
1316,9,h.yun_b,516,297,58
1317,7,h.yun_b,446,330,47
1319,1,h.yun_b,378,295,8
1320,7,h.yun_b,307,477,47
1322,10,h.yun_b,416,288,83
1323,3,h.yun_b,694,211,20
1327,6,h.yun_b,305,353,55
1328,7,h.yun_b,227,359,85
1329,8,h.yun_b,385,308,67
1330,5,h.yun_b,561,238,37
1331,1,h.yun_b,317,258,12
1332,5,h.yun_b,344,206,70
1333,5,h.yun_b,196,310,81
1336,9,jiseong,332,374,95
1337,6,jiseong,1290,123,50
1339,10,jiseong,243,424,128
1340,17,jiseong,218,455,226
1342,11,jiseong,233,345,180
1343,8,jiseong,331,323,98
1348,14,jiseong,260,452,157
1349,9,jiseong,258,322,142
1350,11,jiseong,292,381,130
1352,13,jiseong,222,417,185
1354,14,jiseong,542,241,141
1355,8,jiseong,257,344,119
1356,15,jiseong,342,391,148
1358,5,jiseong,282,422,55
1359,3,jiseong,231,418,41
1360,11,jiseong,310,375,125
1362,10,jiseong,330,392,102
1363,5,jiseong,287,405,56
1365,11,jiseong,335,331,130
1369,31,jiseong,303,361,373
1373,4,jiseong,541,244,40
1376,4,jiseong,975,164,33
1377,5,jiseong,574,253,45
1378,4,jiseong,362,284,51
1382,4,jiseong,799,162,40
1384,7,jiseong,381,232,104
1385,7,jiseong,371,224,111
1387,8,jiseong,311,234,145
1388,5,jiseong,800,101,81
1389,5,jiseong,200,184,178
1390,10,jiseong,125,327,322
1391,3,jiseong,159,199,125
1396,10,soominnnnn,230,248,125
1398,2,soominnnnn,221,283,22
1404,10,soominnnnn,240,259,114
1405,15,soominnnnn,213,345,145
1410,9,soominnnnn,138,412,112
1414,3,soominnnnn,217,392,25
1418,9,soominnnnn,287,417,53
1422,9,soominnnnn,214,402,74
1424,7,soominnnnn,172,426,67
1426,5,soominnnnn,370,381,25
1427,8,soominnnnn,236,483,50
1428,6,soominnnnn,193,518,42
1429,9,soominnnnn,346,529,35
1436,4,soominnnnn,457,767,8
1437,7,soominnnnn,263,1043,18
1438,3,soominnnnn,393,812,6
1441,5,soominnnnn,305,829,14
1442,4,soominnnnn,547,635,8
1443,7,soominnnnn,214,1045,22
1444,3,soominnnnn,299,830,8
1446,7,soominnnnn,209,999,23
1458,7,soominnnnn,167,1074,27
1462,6,soominnnnn,160,925,28
1463,6,soominnnnn,217,683,28
1465,6,soominnnnn,137,944,33
1467,6,soominnnnn,118,1000,36
1468,8,soominnnnn,173,1068,30
1469,6,soominnnnn,136,1036,30
1471,10,soominnnnn,134,1237,43
1473,7,soominnnnn,131,1075,35
1475,5,soominnnnn,169,716,29
1477,12,soominnnnn,109,944,82
1479,4,soominnnnn,224,878,14
1480,8,soominnnnn,169,1500,22
1481,8,soominnnnn,131,1526,28
1482,7,soominnnnn,178,1067,26
1483,6,soominnnnn,196,945,23
1485,6,soominnnnn,150,1033,27
1489,5,soominnnnn,177,1053,19
1492,9,soominnnnn,181,997,35
1493,10,soominnnnn,270,725,36
1494,9,soominnnnn,161,1349,29
1495,6,soominnnnn,112,1455,26
1496,5,soominnnnn,204,1296,13
1500,6,soominnnnn,203,1142,18
1501,4,soominnnnn,120,1284,18
1503,7,soominnnnn,124,1428,28
1504,5,soominnnnn,104,1360,25
1506,4,soominnnnn,271,969,10
1507,5,soominnnnn,258,709,19
1509,7,soominnnnn,217,856,26
1511,4,soominnnnn,268,744,14
1512,3,soominnnnn,163,845,15
1513,12,seer__eul,144,1015,75
